<?xml version="1.0" encoding="UTF-8"?>
<manifest>

  <remote name="aosp" fetch=".." review="https://android-review.googlesource.com/" />
  <default revision="refs/tags/android-8.0.0_r51" remote="aosp" sync-j="4" />

  <project path="build/make" name="platform/build" groups="pdk" >
    <copyfile src="core/root.mk" dest="Makefile" />
    <linkfile src="CleanSpec.mk" dest="build/CleanSpec.mk" />
    <linkfile src="buildspec.mk.default" dest="build/buildspec.mk.default" />
    <linkfile src="core" dest="build/core" />
    <linkfile src="envsetup.sh" dest="build/envsetup.sh" />
    <linkfile src="target" dest="build/target" />
    <linkfile src="tools" dest="build/tools" />
  </project>
  <project path="build/blueprint" name="platform/build/blueprint" groups="pdk,tradefed" />
  <project path="build/kati" name="platform/build/kati" groups="pdk,tradefed" />
  <project path="build/soong" name="platform/build/soong" groups="pdk,tradefed" >
    <linkfile src="root.bp" dest="Android.bp" />
    <linkfile src="bootstrap.bash" dest="bootstrap.bash" />
  </project>
  <project path="bionic" name="platform/bionic" groups="pdk" />
  <project path="external/clang" name="platform/external/clang" groups="pdk" />
  <project path="external/compiler-rt" name="platform/external/compiler-rt" groups="pdk" />
  <project path="external/elfutils" name="platform/external/elfutils" groups="pdk" />
  <project path="external/icu" name="platform/external/icu" groups="pdk" />
  <project path="external/jemalloc" name="platform/external/jemalloc" groups="pdk" />
  <project path="external/libcxx" name="platform/external/libcxx" groups="pdk" />
  <project path="external/libcxxabi" name="platform/external/libcxxabi" groups="pdk" />
  <project path="external/libunwind" name="platform/external/libunwind" groups="pdk" />
  <project path="external/libunwind_llvm" name="platform/external/libunwind_llvm" groups="pdk" />
  <project path="external/llvm" name="platform/external/llvm" groups="pdk" />
  <project path="external/lzma" name="platform/external/lzma" groups="pdk" />
  <project path="external/safe-iop" name="platform/external/safe-iop" groups="pdk" />
  <project path="external/zlib" name="platform/external/zlib" groups="pdk" />
  <project path="kernel/tests" name="kernel/tests" />
  <project path="prebuilts/build-tools" name="platform/prebuilts/build-tools" groups="pdk" clone-depth="1" />
  <project path="prebuilts/clang/host/linux-x86" name="platform/prebuilts/clang/host/linux-x86" groups="pdk" clone-depth="1" />
  <project path="prebuilts/gcc/linux-x86/aarch64/aarch64-linux-android-4.9" name="platform/prebuilts/gcc/linux-x86/aarch64/aarch64-linux-android-4.9" groups="pdk,linux,arm" clone-depth="1" />
  <project path="prebuilts/gcc/linux-x86/arm/arm-eabi-4.8" name="platform/prebuilts/gcc/linux-x86/arm/arm-eabi-4.8" groups="pdk,linux,arm" clone-depth="1" />
  <project path="prebuilts/gcc/linux-x86/arm/arm-linux-androideabi-4.9" name="platform/prebuilts/gcc/linux-x86/arm/arm-linux-androideabi-4.9" groups="pdk,linux,arm" clone-depth="1" />
  <project path="prebuilts/gcc/linux-x86/host/x86_64-linux-glibc2.15-4.8" name="platform/prebuilts/gcc/linux-x86/host/x86_64-linux-glibc2.15-4.8" groups="pdk,linux" clone-depth="1" />
  <project path="prebuilts/gcc/linux-x86/x86/x86_64-linux-android-4.9" name="platform/prebuilts/gcc/linux-x86/x86/x86_64-linux-android-4.9" groups="pdk,linux,x86" clone-depth="1" />
  <project path="prebuilts/go/linux-x86" name="platform/prebuilts/go/linux-x86" groups="linux,pdk,tradefed" clone-depth="1" />
  <project path="prebuilts/misc" name="platform/prebuilts/misc" groups="pdk" clone-depth="1" />
  <project path="prebuilts/ndk" name="platform/prebuilts/ndk" groups="pdk" clone-depth="1" />
  <project path="prebuilts/python/linux-x86/2.7.5" name="platform/prebuilts/python/linux-x86/2.7.5" groups="linux,pdk,pdk-cw-fs,pdk-fs" clone-depth="1" />
  <project path="prebuilts/sdk" name="platform/prebuilts/sdk" groups="pdk" clone-depth="1" />
  <project path="prebuilts/tools" name="platform/prebuilts/tools" groups="pdk,tools" clone-depth="1" />
  <project path="system/core" name="platform/system/core" groups="pdk" />
</manifest>
